{"total_order":1,"total_comission":"$0","available_withdraw":"$0","total_balance":"$0","orders":[{"order_id":"5654","orderdate":"2025-04-23 09:34:10","status":"Declined","domain":"healuslab.com","sub_id":"2tdm7jq6t25","track_id":"","type":"Reorder","method":"visa","shipping":"AirMail","country":"","discount":"0","comission":"$20.14","customer_ip":"45.129.161.47","keyword":"","referrer_url":"","products":[{"name":"Levitra","pack":"10 pills 20 mg","quantity":"1"},{"name":"Viagra","pack":"2 pills 100 mg","quantity":"1"}]}]}