{"total_order":1,"total_comission":"$0","available_withdraw":"$0","total_balance":"$0","orders":[{"order_id":"5650","orderdate":"2025-04-22 10:16:09","status":"Waiting","domain":"healuslab.com","sub_id":"2tdm7jq6sva","track_id":"","type":"Reorder","method":"visa","shipping":"AirMail","country":"","discount":"0","comission":"$18.05","customer_ip":"45.129.161.47","keyword":"","referrer_url":"business.facebook.com","products":[{"name":"Viagra","pack":"10 pills 100 mg","quantity":"1"},{"name":"Viagra","pack":"2 pills 100 mg","quantity":"1"}]}]}